2.074976867082216070e-01,1.449304846289949378e-01,-4.932812839380028291e-02,-1.003292229874468977e-01,-6.157214475796630310e-02,3.713323964590212189e-02,1.358550595640959646e-01,-8.415358469810598581e-04,8.529210935620623255e-03,6.021038584516343745e-02,1.645555452371252059e-01,6.465739125633900020e-02,-7.761918701107944907e-02,8.766252686437504826e-02,1.062686512357873120e-01,2.881256233103262829e-03,2.090379661154144197e-01,1.116319662638613902e-01,1.006226069554270741e-01,1.026932122932229102e-01,4.889922591793492007e-02,2.108309517361820207e-01,1.705128422086754914e-01,-1.694903269094594905e-02,-5.434968902623700526e-02,-5.084490511471040364e-02,8.185526685626276500e-02,-1.304032355876721776e-02,2.292627638572702631e-01,1.892014025487647189e-01,5.829604514383861930e-02,2.091237472267951092e-01,-2.027480641986584287e-01,1.934314335214828984e-01,-5.701447082459413368e-02,-1.473194709684239878e-01,1.628544527305332279e-01,-5.858993615781273034e-02,1.357591027302743891e-01,1.097624791629253915e-01,-1.216774952981511948e-01,2.450870997782209071e-02,2.049620014436209225e-01,-1.499472358040983833e-01,-7.678779098275319293e-02,2.764882713478354348e-01,-5.271556137515406859e-02,-3.604351074674491673e-02,-1.362081414358512210e-01,3.092177611298342899e-01,1.838723959323053936e-01,-3.177698998667254429e-03,-6.725121984429673072e-02,-1.002115795206139498e-01,1.115014194741631957e-02,1.195409206815712666e-01,-1.230166605260091112e-01,-5.256731313248375753e-02,7.287622712464929264e-02,1.077430410368681452e-01,1.555728331449724999e-01,-7.572077589542337839e-02,1.960385361789921121e-01,7.990026190464614986e-02,2.879759976191203358e-02,2.339816537565199417e-02,9.640310918261058015e-02,3.624330532578604741e-02,-8.759918538480333458e-03,-1.631486482959433881e-01
-4.095655461341842635e-02,-1.341467242649176383e-01,3.817561592480827552e-03,1.114996836990701928e-01,-5.180641201784250832e-02,1.038311958298678006e-02,1.093451469327465925e-01,1.979301182216638422e-01,2.611906863059918482e-01,1.841428833612666072e-01,8.223058567823604559e-02,2.507118023061772893e-01,6.628433858229862419e-02,-9.978422321490554303e-02,2.156494263489812657e-01,1.185611178901008894e-01,3.167898014542085972e-01,-2.778738733711870815e-02,9.771511322006821987e-02,-5.136219395312102004e-02,3.039047710449144235e-01,1.135412433979894886e-01,7.909513594703293515e-02,3.083812622198163142e-02,8.352773264270894893e-02,3.290437651374764072e-01,1.890888973533503270e-01,-1.479367150768276518e-01,6.292956162633489559e-02,2.977023059374407296e-02,1.637006998244302514e-01,1.063940890823986130e-01,-1.778255986975709191e-01,5.639243951633474833e-02,-1.283892183384663932e-01,-1.581385779414362369e-01,2.781323982913902482e-01,-2.095741447075693820e-01,1.061645507452480125e-01,-8.544323615510962533e-02,-6.769032791541168548e-02,6.827025214516994900e-02,-1.678228872255235760e-01,-1.965665046736653210e-02,1.622203609757706666e-01,1.919945663726755347e-01,1.754270286794927247e-01,-2.744170997483373897e-01,5.857909191603085514e-02,1.637428992147944851e-01,1.366313845625380663e-01,-1.009919235931614270e-02,8.212840656532206796e-02,6.987471049872794049e-02,-1.248100050030234165e-01,-2.133683382943771245e-01,2.140823432599197884e-01,-2.435334371539361054e-01,-9.505025101940983712e-02,-3.554430919553039359e-02,1.136584058668277941e-01,8.037473970659372163e-03,-1.393792365885672679e-01,1.232954046538262821e-02,-6.588280567142001942e-02,-2.169014199652977148e-02,5.587132147661120346e-02,8.028594088766387304e-02,-1.125741865696761046e-01,-2.453369621566766912e-01
-1.950250895081479668e-02,-1.495982427893715883e-01,-1.886745240710721305e-01,2.596063941744273240e-01,-9.875908569583186081e-02,9.767975525155339622e-02,6.829576945458519510e-02,1.812314191648123352e-01,3.112564508981801037e-01,-9.396684876254299268e-02,9.481201427026095252e-02,2.925026135230758828e-01,-1.055760064805144061e-01,2.171712657308375038e-02,2.509467815121936285e-01,2.168102099602913987e-02,4.855351170964804230e-02,-7.148462243254624648e-02,-6.454469896876226243e-02,-1.897239198303298235e-01,4.389136281267818490e-02,3.583345222689128529e-02,2.141435145265760953e-01,-8.037170573583397870e-02,-7.332572938879851343e-02,6.643542323515855275e-02,1.684147709314290087e-01,-1.057736931431421945e-01,-3.819818274030613303e-02,-1.330986556015660571e-01,2.137149419823168028e-01,-7.575624908521548517e-02,-1.954771697747341719e-01,-9.710364653928579837e-02,-1.040550164147558687e-01,9.151620453153543056e-02,1.062952054924874712e-01,-2.626527504914542566e-01,-2.970620947158659000e-03,2.566397153737913217e-01,9.672720461137650216e-02,-8.010428921961851301e-02,7.626887180809896472e-02,-4.733088670146388260e-02,-5.057321671265964380e-02,1.813362313178514262e-01,-1.313545475070086455e-01,-1.715341164973714638e-01,-9.373563663800461854e-02,7.556887426317115269e-03,2.046558758296417591e-01,7.118869839084675114e-04,2.137335048168164386e-01,-3.593563423119003342e-02,9.589767093564813272e-02,-9.880220548176243955e-02,1.151128059318317909e-01,-5.934958028388754442e-02,1.354750195857440387e-01,-5.458571772765102859e-02,5.913442279926207218e-02,-2.476051563832081803e-01,-1.943111373119333907e-01,3.447887452558151544e-02,9.187919255014143083e-02,5.085350081436269820e-02,1.486633987210552177e-01,1.592784955579820416e-01,-7.174323949956561142e-02,-1.264138926971485333e-01
7.096253276103278544e-03,1.706818016382357639e-01,1.164735543096651060e-01,7.205531703314824177e-02,-1.693035988901110123e-01,3.349231183338811646e-01,7.835805214945149033e-02,-6.318209638284123797e-02,1.731076638573453563e-01,2.436155982674390597e-01,2.749622955712181793e-02,1.459654449264774778e-01,-2.362345216249283827e-02,-1.435909334350971567e-01,1.624417584706181472e-01,-1.209487323563934041e-01,2.171572454749380598e-01,-1.226341555883966039e-01,-1.545658347514997089e-01,-1.814517259302177998e-01,1.754352694247693356e-01,2.265545046658734019e-01,-2.170065307884481293e-02,9.077534231470489601e-02,-1.930407083785311007e-01,2.744245661001979419e-01,2.196129310624415215e-02,-2.162647614994902268e-01,-9.252164150842885626e-02,3.455249084055416614e-02,2.806005201298580887e-01,1.590637623436492454e-01,-2.046276291598005115e-01,7.740388542236524561e-02,-7.108989430411623289e-02,-1.350752004408823925e-01,3.057572911402955951e-01,-1.673646785462150344e-01,-1.449211427019674869e-01,-6.851213257363454601e-02,1.261126118354010395e-01,-3.235138405047410792e-02,2.673449679737188167e-01,1.378706128652084362e-01,1.083285823715759572e-01,-4.713443845615077413e-03,1.980745404862571390e-01,-5.092981790508909617e-02,3.764069543281243352e-02,2.040954547228021332e-01,2.413475596096189280e-01,4.540243660174012735e-02,6.635118751836963091e-02,1.009236711880922600e-02,9.415223260745776007e-03,-9.790215834374844939e-02,-1.210768578681973295e-01,-1.432082100473662245e-01,-3.588293129009829247e-02,2.965863604888209215e-01,1.510710920305911031e-01,-2.199315905131480897e-01,-2.579532799360007012e-02,-1.694474703652725234e-01,-1.067389102197077166e-01,2.379982032076732867e-01,-6.223356134995147032e-02,4.003546267086871557e-02,-8.328219390993472915e-02,-1.592968490692137362e-01
9.807772950223737560e-03,-4.450547066791815665e-02,-1.887863590941340486e-01,-1.391969434148216944e-01,9.824310563341808258e-03,-9.600733284919832355e-02,-1.060336579340479257e-01,-1.892742544161417351e-02,-3.852100815061389877e-02,-1.044751564799143023e-01,1.866146258930468926e-01,5.079795484243804921e-02,1.014983382075832913e-01,1.487749509261566405e-01,-2.045894349530414172e-02,-2.007680851299465871e-02,1.179492627309301628e-01,-5.371192126008117462e-02,-7.459634703515045928e-02,1.049123471767217652e-01,1.731966256430979290e-01,1.890375076588033110e-01,3.956151047023102191e-02,-1.092701410381206467e-01,2.582889065142387475e-01,4.507811264752851349e-02,-1.169893131418524856e-01,-1.346521364689406419e-01,6.135661932029595582e-03,-1.732048900874257336e-01,-1.732910955161274802e-01,-3.278660883072634369e-02,3.170815565344170528e-02,1.632195334019904964e-02,-2.406885520694435066e-02,-7.493023863542863650e-03,7.627629230608648503e-02,-6.469764005941444629e-02,-6.319885113209963712e-02,2.517689520460787977e-01,-9.312186207615352762e-02,1.189453545471161056e-01,-3.911117301183544837e-02,-4.374502515666447294e-02,-1.834274985355623944e-01,1.761453695972406142e-01,1.091139303252623843e-01,1.779338369080086801e-01,-7.678696638977998423e-02,1.249700557625802733e-01,-9.418309711056742362e-02,-5.759692854286331543e-02,-8.420951084213861015e-02,-1.867584649043338707e-01,1.669128228756709131e-01,-1.158570695791551197e-01,-1.079098636165355257e-01,-1.109958328404362649e-01,4.955431344854483236e-03,6.989824456029865296e-02,-9.373831896760971560e-02,1.765997765270003739e-01,1.717600103132305711e-01,-1.211961624433065543e-01,1.705429617856259148e-05,5.683857187471950262e-02,1.018003938461681107e-01,1.400000839971716517e-02,1.342317168873898847e-01,-6.102428276372992566e-02
4.034542686726287630e-02,2.623648998475221206e-02,5.551909745399875862e-02,-9.300473177109949696e-02,3.270166506545302970e-02,4.280991503583971708e-02,-8.526818189293754180e-02,2.455445497874230720e-01,1.922568178293234953e-01,1.797757612627504664e-01,-1.357544846026011442e-01,-1.459169101199219234e-02,-5.296714750134195321e-02,7.618728577199264385e-02,1.867219554852475039e-01,1.399425721056006822e-01,1.778977400692511313e-01,-4.197264758970526560e-02,-2.115272637052721116e-01,-1.900153584855369393e-01,2.787471933687387660e-01,-5.636254645786280271e-02,-4.859788387562750250e-02,-1.940471692770176226e-01,-2.111562919036829300e-01,2.360971940259917745e-01,1.799039263499823543e-02,-1.574459015425777042e-01,-1.130837482931052601e-01,7.011095979371834153e-02,3.073397404580618941e-01,2.678820503013289861e-02,6.631596894946212295e-02,5.705280330007114764e-02,1.934908983754047435e-02,4.429672828091228698e-02,2.063545883201246267e-01,-3.467448226465743438e-02,2.127665832776484411e-01,1.687718188876030090e-01,2.689582549947904244e-01,-1.837741533817592310e-01,5.023602824546948703e-02,-1.105332853455493897e-01,1.240994739315317008e-01,1.314245334469700266e-01,1.502669017504330018e-01,-1.160754812048270940e-01,4.673326107143488395e-02,2.421583903288374584e-01,1.939178201805674684e-01,9.101456475706960758e-02,-8.574244262142395601e-02,-1.332377675577865184e-01,9.450859300603270396e-02,-1.043196023780583875e-01,-1.703758216802638004e-01,2.449955608447569599e-02,1.527668463727906989e-01,1.276231961450926058e-02,8.955562318423029508e-03,-1.791966788746549369e-02,-2.013108251974344010e-01,4.313499324600916091e-02,-7.163662096792811074e-02,-7.308723949481094051e-02,2.540710834044159760e-01,-1.635065952780983822e-01,-1.999561938714804477e-01,-1.501054252799465250e-01
2.604331583504921818e-02,1.237535453168100014e-01,9.699891198376277626e-03,1.381930881457789362e-02,-2.265243802616634938e-01,2.557332413890006650e-01,4.339387868073404930e-02,2.648459439620946473e-02,-2.340104319373395234e-02,-1.330174699247480830e-01,5.229546628397710450e-02,-9.676136209716039438e-02,-1.022508884235389104e-01,6.664417994728814854e-02,1.439041470361378805e-01,-1.823452728320722194e-02,4.112036622401105124e-02,-1.690775062706670329e-01,-7.471304353865487052e-03,9.563423956049176000e-02,6.768226346716119113e-02,1.906062007758099197e-01,8.174025121585307141e-02,-7.411502216932491782e-02,-5.136647422608306424e-02,1.528671300193415634e-02,-9.394641860870006633e-02,8.046138921035660141e-02,8.757747344475515228e-02,1.093332339449201995e-01,1.700277183672647963e-02,1.570775994700171208e-01,8.740663845769192086e-02,1.876650232936691864e-01,1.115434502036374287e-01,3.166040968726043653e-02,2.576207994938217172e-01,2.820081222473048987e-02,1.041151039892403013e-01,-3.474352300100939928e-02,1.440462222607471754e-01,-1.993970335705321992e-02,2.427118910031304810e-01,-1.076997891500381249e-01,9.335892280284843747e-02,-1.036821633040880056e-02,-6.062619783055801792e-02,9.081135690089156554e-02,9.808835121903294874e-02,1.972152905286665148e-01,1.239083764644290514e-01,1.049152053232111775e-01,9.318662634356655872e-02,-6.715268082554171070e-02,-1.026780664943889587e-01,1.827075171140028070e-02,1.156157587984040780e-01,3.451755203230964103e-02,1.083697655257804260e-01,7.360691329243444769e-02,-5.159567023385522311e-02,-3.006530246384436222e-01,-1.041241387314619377e-01,5.798111093911077069e-02,1.294932657048626368e-01,1.869310816928849150e-01,-9.419236887334345859e-03,-1.307132970067529862e-02,1.124855241650082882e-01,-3.597612436803026420e-02
-1.610487811595147367e-01,3.343685818495491929e-02,9.049963183364032049e-02,-1.558423550150440928e-01,1.479280674056314138e-01,1.840993609656900731e-01,5.553223907836758733e-02,-8.990419957673395635e-02,-1.287471462979407621e-01,-3.595328440339828208e-02,-1.622153866653985865e-01,-1.984658389542990481e-02,-1.299686869726882354e-01,1.466183166826220130e-01,1.445652710197039004e-01,-1.634618301044168664e-01,1.227874144154004615e-01,-1.419662768557756194e-01,-1.578685445233473927e-01,6.536201520661338860e-02,2.053603814711951192e-01,-1.185858146175759048e-01,-9.962348857575385741e-02,-1.286895923207309611e-01,-1.456745569749491043e-01,1.202202414578055489e-01,2.073594910551739279e-01,-1.180188386384565524e-01,-1.392384216602912672e-01,-7.040118606321847661e-02,2.155302989868567443e-01,-8.616303381059269018e-02,1.874223655367168728e-01,2.990769427523074127e-03,-6.837753852412770117e-02,-5.348191517760049474e-02,1.193468748427094495e-01,1.580039658015565118e-01,8.885791126820377639e-02,-1.413501850724721842e-01,2.304622521062266449e-01,-2.265724785172262834e-01,6.089949578633865185e-02,-1.162524649881212790e-01,1.709618676665995152e-01,2.082365628118150180e-01,1.590996216216385983e-01,-5.566780078766872530e-02,-1.651184610497271610e-01,1.195862596940092532e-01,-4.208756916207428284e-02,2.335091346019700295e-02,-1.609438242246720441e-01,-1.383514754590583207e-01,-1.043622986272585013e-01,-1.885029745774080556e-01,-1.351932265774586084e-01,-2.800421105757389117e-02,4.863060353405170011e-02,1.160649322567072483e-01,-8.810848810357226057e-02,-1.498660681690050511e-01,6.407662847066664114e-02,-1.581457556124913622e-01,-2.027197537499710739e-02,-5.364112584443200132e-02,1.735200340874772651e-01,-1.359102201511276364e-01,-6.954861564231537563e-02,-1.171936837711039514e-01
1.283891862958543850e-01,-1.129435636975476085e-03,-8.988036309179195382e-02,-1.047837563247552978e-01,-5.101810553561143130e-02,2.271589747864321274e-01,1.365630037524894480e-01,8.202583556836623088e-03,1.044537560393691555e-01,1.004781869866124971e-01,1.790483333298080182e-01,7.347750767057438515e-02,-4.022224476785192515e-02,5.746510933065236693e-02,7.841785814558099865e-02,-1.245069371012647898e-02,4.678589301300890152e-02,8.926492335248602250e-02,-1.555720348690895205e-01,-9.062783994785168773e-02,1.774823233927633748e-01,1.444354526042861131e-01,-1.151701767859806685e-01,-3.005675800714860957e-01,7.544782096133567650e-02,1.624306775319857288e-01,-8.248604446157140058e-02,-1.209313311638073873e-01,1.733347079942650359e-01,3.963993397431939125e-02,1.092508342904249530e-01,-7.454766868946165193e-02,-8.029255192037971361e-03,4.758745778984932451e-02,-6.086045710442603007e-02,1.356485447364656205e-01,-6.355978885649571017e-03,8.506702702641116831e-02,-4.154255767117408932e-02,2.335015604420697666e-01,-7.455742185319183535e-02,1.192124935061760066e-01,-1.123753969047277673e-01,-1.704339251715419334e-01,3.131801646553136753e-02,1.287608076815112967e-01,-1.320849091896607536e-03,-2.074205702531564666e-01,-1.275479208124151442e-01,9.277840555817035498e-03,1.448438748885713390e-01,1.783720546056690448e-01,1.417982347577375901e-01,-2.155810382266729885e-01,1.797168418091736608e-01,-1.485661081268870032e-01,-4.838987133922729306e-02,-2.820923110519008362e-02,-5.344296436844327147e-02,2.399553850746315720e-01,-7.926386111900381171e-02,-1.898019599468567242e-01,-6.876293890247210661e-02,4.376553117064026915e-02,7.018199938753100220e-02,9.083890757872666033e-02,6.717225392025612252e-02,6.079331813224571335e-02,-1.769384191583271704e-02,-1.483586090110435574e-01
1.193403584482878449e-01,1.212440744572048784e-01,-1.129634831204283374e-01,-1.289302436085589323e-02,5.899456254579960035e-02,-6.751842057991180868e-02,3.579476545863889692e-02,-3.971277454842019744e-02,2.239808024906614348e-02,-1.234380501480492887e-01,9.040477086646542260e-02,6.027875837934858032e-03,-6.058383685954940069e-03,-4.809874067112117346e-02,-1.577860371654160945e-03,1.075466514808121887e-01,-6.274490633144041984e-02,-1.146419617816621037e-02,-2.152275862127835393e-01,-9.968734908855417243e-02,1.304078186230092362e-01,-1.331652915738207044e-01,6.973464169563450832e-02,-2.213752570021152999e-01,1.270442580946726414e-02,1.277480753341028452e-01,-1.407235643829423677e-01,1.366699688004476693e-02,-2.062698286488508503e-01,1.483607703206498707e-01,1.021142723141053171e-01,1.193649760232510237e-01,3.201956683972651679e-02,-1.730714519333497736e-01,-1.412579763504597796e-01,3.484026984267955124e-02,1.960398101407724025e-01,8.644083893876475244e-02,7.309752608693149967e-02,1.099767004356050487e-01,-5.486967253378140924e-02,8.411199473393736470e-02,-1.050020909476707398e-01,-2.022665043742281621e-01,-3.401356121799809298e-03,-1.032805786654854285e-02,-1.103578248517731730e-01,-1.483983243547036535e-02,1.522151121004705621e-01,2.099577875898731710e-02,3.999510746284978824e-02,1.149974210947777992e-01,2.504393626487771279e-02,-1.389715312918790580e-01,1.765313752984422613e-01,-1.158472815840742203e-03,1.027798148929777722e-01,-1.163897138385920765e-01,1.222788094005680115e-01,-1.314152435324080458e-03,-7.764392164569110244e-02,-1.899658826765106001e-01,1.542655389933805521e-01,3.981847298535536733e-02,-1.409408541020464589e-01,-6.839600975780549263e-02,-9.802321008696063265e-02,-1.742204408132569382e-01,-1.011058510106554037e-01,-2.282036177546070688e-01
6.412806911664242770e-02,-1.035118139079171246e-01,3.543340990625313408e-02,6.566660294886833560e-02,8.855801008070861291e-02,1.492232676965880300e-01,-1.132129209629454542e-01,2.209661705576614343e-01,4.235510958362896650e-02,3.616349875211589959e-02,1.258948953253936631e-01,9.993242709182066641e-02,2.222151472982715203e-01,1.352471450592849511e-01,2.271864867193739146e-01,2.518335667853604520e-01,1.297561694276194721e-01,-1.010089831987094899e-01,6.054517445919938012e-02,-1.564369572436892786e-01,-2.179730629677484668e-02,-1.101506587016566341e-01,-6.955793914921216958e-02,-2.400270778121419146e-01,2.768487969279760999e-02,-3.504708571702778303e-02,1.932539167654284407e-01,4.303492121325479258e-02,1.837493905545280193e-01,-2.618931293262825866e-02,2.663231878251990925e-01,-1.143164792406111893e-02,-1.027230577675569273e-01,-1.277072311271859884e-01,9.577415293070595803e-02,3.669797670594675265e-02,5.350352950996062340e-02,-1.349958334263824111e-01,-2.398053048618076569e-02,-1.338029208727042341e-01,-1.039993612882986890e-01,-1.238338496689281309e-01,-9.148139471194970118e-02,-8.276536740984188900e-02,-1.010325419098037358e-01,-2.089944872194257966e-02,9.175655600427980174e-02,4.854238400540335924e-02,-3.975470892484814223e-02,2.315453184247728557e-01,-4.154444973046951539e-02,-2.870997614896323574e-02,1.824313930874625345e-01,-2.018277268257322732e-01,2.477312775031449699e-01,-1.874164984554227698e-01,-2.689066341648441161e-02,4.977522139566931125e-02,-1.507287574808988395e-01,2.064186929783551616e-01,2.128112950289892391e-01,-1.315684701628526687e-01,-1.483946261638497965e-01,-1.670638014023879125e-01,-5.611557090962376176e-02,1.357504964126828306e-01,7.665152957784410193e-02,2.145590779957293748e-01,-8.595417952321791899e-02,-2.534227328000046575e-01
-3.116222367081704359e-02,5.677156146767887296e-02,8.847383311151443830e-02,-1.647189860102571402e-01,-1.063723168381249390e-01,1.152986654919189724e-01,-1.233633603937871887e-01,8.770878474982232720e-02,2.222280128867620830e-01,-3.157730168834549378e-02,4.341398251898022365e-02,1.646750655644655670e-01,-1.255743680871914368e-02,-1.527731992955831978e-03,-3.513729130650540544e-02,5.253711332526470740e-02,7.747917060498625552e-02,-8.163740031043140166e-02,4.040878336141052324e-02,-1.482994895619007547e-01,-4.296140502028533009e-02,-7.897264153372862694e-02,1.767741863004368141e-01,-1.683968333551655316e-01,4.611452411080550762e-02,-3.885376659902969876e-02,-4.915354994561228069e-02,1.279461280523739308e-01,7.142797935605103843e-02,1.025416409736466250e-01,1.264811958391860447e-01,1.126717610450953116e-01,-1.648082186347091804e-01,2.154346526362319741e-02,-8.230218108978744340e-02,7.980032613845656347e-03,7.165797023760729634e-02,-2.702693691790034394e-02,8.340065591787954036e-02,1.318770719991644857e-01,-3.378421768868564157e-02,5.746101056811863533e-02,-2.540717224802487711e-02,-1.451503561115287388e-01,8.403541076366559393e-02,1.359282645086910650e-02,9.817915599415247274e-02,-1.204431485301092203e-01,-9.466258359972582956e-03,1.697786000244125293e-01,4.597847142454523223e-02,2.075445820194927148e-03,7.639965595522504871e-02,-1.809503317283606139e-01,-6.778109780773269866e-02,-8.812085165430225131e-02,1.200624141232965736e-01,-1.043160569853685549e-01,-1.126369407999683464e-01,1.933214706084762091e-01,1.759457329577987506e-01,-2.874811684713632354e-02,-4.319152367434869050e-02,7.663011132177995066e-02,-2.464015550062883392e-02,7.603635524257103262e-02,1.964013834481547760e-01,1.269440943421683565e-01,-1.575084345278747813e-02,-9.179349718180125628e-02
1.513824231100372453e-01,2.868387253075017074e-01,-1.375768709544792912e-01,7.109895134058730193e-02,-2.045296357562027822e-02,3.358810745781667592e-03,7.228167704278623540e-02,-8.564887820370555016e-02,-2.927510735625466973e-02,7.953090930540329673e-02,1.118452406139364488e-02,1.063958529318667634e-02,1.581295719020630874e-01,8.905460806153070539e-04,-1.306385891792477029e-02,2.108013223197281460e-01,3.229567116680338162e-02,3.707816114169260741e-02,1.343568663909489869e-01,5.666173140228091681e-02,2.101148294973246844e-01,2.989052801482811397e-02,-2.327526112006170766e-01,-1.996872711191132743e-01,5.893672775546659852e-03,2.846436800887865992e-01,1.888473638369813495e-03,-1.027021281731745062e-01,1.357266546199182022e-01,1.028897174999015562e-01,-6.528175926404566898e-02,4.661847788923542679e-02,-1.466202223530304050e-01,-1.543593848328817311e-02,-1.377559024478974548e-01,1.089660766419446591e-01,1.246299383670886399e-02,-1.751520736894581209e-01,6.911689422435710051e-02,-1.046427387159111488e-01,-1.450933444039908815e-01,1.726460136599486037e-02,1.147304481038424889e-01,-1.892261381675754972e-01,-1.902260477350132817e-01,2.575816673796780254e-01,-1.825944271737169056e-02,5.178312923238924392e-02,-1.031438113433245374e-01,1.074429156304440164e-01,-3.728005928722030043e-02,-1.876213926238307905e-01,9.932640861152770839e-02,1.322622932138737273e-01,9.744629452862363372e-02,-1.239156878969266407e-01,5.735907496990214766e-02,-5.034471091063792009e-02,3.525301552619052731e-02,1.506550666240989156e-01,6.464760228252266865e-03,-5.945216540251574422e-02,-9.448408075824200891e-02,2.170000486065953860e-01,2.512221785048104547e-02,8.785754417753145751e-02,-7.269129812164441817e-02,-1.031068537868030065e-02,4.609353824994553289e-02,-1.010260515345269387e-02
1.261921379852810887e-01,-1.664283625514901832e-01,-6.671239203190428013e-02,1.770537697935085641e-01,8.978890943570297378e-02,-7.410901506800220140e-02,-2.201209097239651136e-01,1.776087085219412443e-01,-8.055343276536530706e-02,1.197139005077330065e-01,8.025193474521546966e-02,-4.734536912132460140e-02,-1.144488798037803234e-01,9.593484690658053704e-02,1.327883392761936288e-01,1.707006046698664736e-01,2.242122577555611881e-02,-2.637748037795563660e-01,-2.583449664529605810e-02,-1.674510688328367247e-01,2.156438132565205723e-01,1.886632104447858171e-01,-8.148022919755808224e-02,4.059258555157172627e-02,-1.863453376848283327e-01,-4.930492387205009236e-02,-1.032770103953284044e-02,-1.134205268012785650e-01,-3.647957753360536043e-02,-6.150311973164473978e-02,1.559997209672949192e-01,3.640027210822992937e-02,-1.372495839188664080e-01,8.323966205486704392e-03,-6.116571979260546771e-02,-5.793778670286213461e-02,1.616927644077487958e-01,-3.799800452066875306e-02,2.072091729410343031e-01,8.646768068083926506e-02,1.061409561873073032e-01,-1.957525569098048923e-01,1.324522415886633664e-01,-1.644803360704766987e-02,1.085408584073161570e-01,7.249557004756512768e-02,9.954207864770918401e-02,-1.859434439896371360e-01,2.854697326017498205e-02,-1.561020275277944791e-01,1.632376414622734584e-01,1.147873638281263486e-01,1.157679018916877994e-01,-1.310241510667571052e-01,1.607882256213216954e-01,-1.544228166423501081e-01,2.509950531018855652e-02,-1.622387161111857046e-01,2.468996689846676140e-01,2.289210354678689330e-01,-2.342653186460878778e-02,-1.424710603366066419e-01,-6.935227772509257316e-02,2.026483144394359837e-01,1.808441832722407772e-01,2.005141660807405884e-02,9.707312630147856003e-02,9.201467823848399896e-02,-8.581261137684936813e-02,3.236923644510639186e-02
1.685876413031361931e-01,-7.893095528655300064e-02,8.669846212167810207e-02,-1.196689448351357099e-01,8.735321667993101169e-02,3.161395787597486712e-02,1.342908841887884563e-01,-2.336135049263190350e-02,1.117437243061225327e-01,-3.569048086671559872e-02,1.152307427995573064e-01,2.964922360572009793e-02,2.239428979623549754e-01,-2.403499471724153957e-01,-8.300111835615134326e-02,-1.340655543022263863e-01,-1.345449522778341955e-01,1.355837538573716194e-01,1.149277244315106972e-01,-2.900365579126269397e-02,1.923026876980224453e-01,1.256989251443392241e-01,1.782185608108659558e-01,4.678880467606641447e-02,-1.614231793559718076e-01,8.850269299671158219e-02,3.424112497244719000e-02,2.209387571805718764e-01,-1.453777719681274561e-01,-1.672353196911560425e-01,8.743489429897825793e-02,-1.272005879974774101e-01,-1.575676297753275390e-01,-1.198220257240915736e-02,1.238310281900543292e-01,4.796265351380754605e-02,1.037688818514867356e-01,-1.123129911648626661e-01,-7.173888311700414577e-02,-4.412680690074031326e-02,1.965230209129000816e-01,5.022525133639561129e-02,1.528288823476880165e-01,2.337669317436496044e-02,7.642721424856514789e-02,2.259908246578764268e-01,-8.497801506500528290e-02,1.551825501519142891e-01,1.247313365819810171e-01,1.535714829647262802e-01,1.090588965011622530e-01,-7.617274725962040749e-02,8.494644980858247207e-02,1.168937184080044156e-01,1.026763191715365092e-02,-2.713866352913426108e-02,1.283381332059730373e-01,-4.392353641467268074e-03,1.295861442571074294e-02,3.238885640648826031e-02,1.126260981990654941e-01,-1.747721592499795751e-01,-1.263592743105758642e-01,4.841331870170082624e-02,1.954062115223436369e-01,9.496068580641155166e-02,9.470113454406457743e-02,7.024634406567181744e-02,-3.281667411223027769e-02,4.038225959886334454e-02
-8.119328371776889097e-02,1.637396580418984671e-01,-1.159039320072254159e-01,1.817698225970599823e-01,1.344209472426851348e-01,-5.651464636443903622e-02,-1.771701547993892456e-02,1.556177387057349759e-01,9.658254844479523260e-02,6.358706872559434509e-02,1.583297474004570216e-01,1.133422682720836988e-01,2.251585457816656644e-01,-1.801539491489368983e-01,2.576087277304313083e-01,2.650559625180053946e-01,1.598756945710478883e-01,8.943889231594050193e-02,-1.105599596552470643e-01,1.223601732400128039e-01,1.703722514872207938e-01,6.452165839841907113e-02,-1.010613862475485403e-01,-2.328990773758313482e-01,-2.912116120231182381e-01,3.276194683364833105e-02,1.589445827805964218e-01,-3.740380879483193310e-02,1.094043770006108696e-01,5.943547727164352756e-02,7.005952265164981652e-02,1.199655048609812313e-01,-1.932349759061275096e-01,-2.485142856253929472e-02,6.492503513154618267e-02,-2.427437329931152188e-01,2.340727514705325529e-01,-1.302890056575255751e-01,-1.600170840024617291e-01,5.651977897595678729e-02,3.154132513602540128e-02,-2.251472379405429769e-01,7.418785839785856095e-02,-1.119931645707767792e-01,-1.883152903603924622e-01,-1.795438141224222142e-02,-9.572610489264495037e-02,-4.630605838930870743e-02,-1.295529601296962763e-01,2.308471973104313513e-01,1.506211100977526141e-01,2.025157320887332746e-01,2.386397915775168369e-02,1.118146680399571269e-01,2.349798932776710758e-01,6.211578570552377804e-02,-1.055579497337987838e-01,5.630947640216009409e-02,1.024863307529318701e-01,3.679847364353454331e-02,-8.940027553363309731e-02,-2.709676539516425176e-01,-1.238130808627046775e-01,-1.251930347460523119e-01,5.481819852629483264e-02,1.167391370312574062e-01,2.065644246960355590e-01,-1.085635995312046465e-01,3.911212876800611304e-02,-2.491818585321682322e-01
9.906303736586487968e-03,1.186938406513561861e-01,2.079760398236581848e-02,1.933612925926550541e-01,-7.809737416904799501e-02,1.665521726142231707e-01,-1.338042801535469228e-01,7.685318627592137297e-02,2.333419201127927278e-01,-7.522825561505591674e-02,5.325246718399913402e-04,1.599984687208722001e-01,4.735806676772904601e-03,-9.537667678412888039e-02,2.338136151232964033e-01,2.722328226397257578e-01,-7.746619174734986624e-02,3.778974490558138777e-02,9.894089946423481260e-03,-2.162337361773156441e-01,1.326612896153471777e-01,1.471671196474804988e-01,-1.124190904378495198e-01,6.641532466458519024e-02,7.364257604949193958e-02,-4.769914105872846699e-02,1.262801052496880516e-01,-7.865714219723043965e-02,-9.445855080951055804e-02,1.381955829908779014e-02,3.073072171711940803e-02,-6.147196364717447820e-02,-9.698894426295083873e-03,4.540481730747777944e-02,-5.687533758872848066e-02,-4.611404516288156175e-02,2.814647355696157649e-01,-1.441581990075048725e-01,2.004196446384862162e-01,-7.491158710865819526e-02,3.628391158782424963e-02,-1.591116872875708299e-01,5.242263877758828600e-02,2.216242648560411838e-02,-3.973068737875548595e-03,3.394491351697310200e-01,1.898958637597254195e-01,-2.380989162674833903e-01,-6.355971660295954063e-05,-8.203738151150287428e-02,1.269157053047304251e-01,-1.428082926727177182e-01,2.573670630707337592e-01,-1.150681114803532301e-01,9.838650277633914643e-02,-2.618314748438734241e-01,-7.869140060748783250e-02,-7.191023514140085227e-02,-1.651706652201586079e-01,2.456926625647002371e-01,1.310351281527742662e-01,-2.380408674175226169e-01,8.204477982535450520e-02,-1.570147110188556683e-01,-1.236015556256659792e-01,-9.097512260885278965e-03,2.595847086102055501e-01,1.843985230750542215e-01,1.415620674307922419e-02,-1.027994969027463124e-01
8.820777722432598944e-02,1.635655133098926628e-01,-2.094420076394787333e-01,1.103990781147221184e-01,-1.276621761993204651e-01,3.858952718190699488e-02,5.654585784280984767e-02,-7.064680666540372467e-02,5.117966183141703373e-02,-1.296355165405402021e-01,1.516730799491140536e-01,1.280336453975947641e-01,-1.753785028630630571e-01,8.534968347240802500e-02,5.255625967162494416e-02,1.732243486334870686e-01,3.192193956902247831e-02,-1.490947235823265604e-01,-1.429649071065558497e-01,3.148169544499530154e-02,2.056917483021773740e-01,3.134672080947641937e-01,-1.293814314017416867e-01,-3.182387981377676756e-02,-1.669217832393714851e-01,1.881653568114783626e-01,4.540468693782287457e-02,-4.316803853748540920e-02,-1.219575403651395641e-02,-1.244157168056221896e-01,2.475863386900963581e-01,1.168765130679134956e-01,-2.318191050174572554e-01,-4.951358347085364070e-02,-2.115081592520398901e-01,-7.480286111990397391e-02,2.310977928294860595e-01,-1.361836729608111862e-01,-9.615814665441041117e-03,2.938122043377704440e-01,1.421855321970519059e-01,-6.342193238082291518e-02,1.712678793416234357e-01,-4.193000137121940217e-03,1.644748026318902656e-01,1.073402251685731390e-01,1.619397605645843397e-01,9.509307026559747286e-03,-1.433645858972084353e-01,1.180835557326926771e-01,-1.390498111737041055e-02,-1.423131927353347426e-01,2.051506476471863516e-02,-7.201253547782190956e-02,2.024099362466021124e-01,-1.384612531288273440e-01,1.873081430997030061e-01,-1.206547881500042857e-01,-1.617012610310147869e-02,-9.632049075106622477e-03,2.232439379198135621e-01,-3.152707636471736019e-01,-1.169788232111771825e-01,2.019247259972989650e-01,2.210593052660499991e-01,-9.186959566505095709e-02,1.731228489557499195e-01,1.943349181604601128e-01,-2.386854217170447379e-01,5.994293993112905644e-02
-1.670135926976474838e-01,7.485502482806215274e-02,9.092893437654918712e-03,9.696054554530033828e-03,-6.814585767783615244e-02,-1.945496408960189355e-02,5.306998786860101652e-02,1.778983365335402023e-01,-2.681366106486210779e-02,-9.116155334453114600e-02,-5.934038027325811565e-02,1.254350870494651826e-01,7.030233910610746151e-02,-1.151828693456796865e-01,2.280885403654193695e-03,1.666359470572270629e-01,2.493171113147646945e-01,-1.568506096362136948e-01,1.042023464051090864e-02,-1.207809214534799197e-01,-1.024013971284624090e-02,8.945635930326502339e-02,9.166054384947322498e-02,-1.579180052274399282e-01,-4.275494352261303976e-02,1.612328961405039285e-01,2.814417244296023579e-01,-1.768575495265234040e-02,-5.659156975683459628e-02,-1.308386359273051580e-01,1.752498371839662783e-01,1.294748507080543086e-02,-2.274739841296629927e-01,-9.945391102645677328e-02,-1.636704730086801785e-01,3.135066343111717752e-02,3.895391839234635944e-01,-2.527985586899799131e-01,1.892672309185702284e-01,-5.929192139142827611e-02,2.113148248319147160e-01,-2.189362300760100410e-01,5.088515335059486805e-02,2.571043975300349449e-02,-8.305778768714491833e-02,3.590715174021532619e-01,1.711751448366650719e-01,-8.436504300493302688e-02,-5.240358410780959764e-02,1.048564719576131621e-01,2.444709198418080348e-02,4.582303633215874944e-02,2.826955458449427194e-01,-2.975370295333914367e-02,9.323210050588749687e-02,1.553032109430531847e-02,-6.128880853721994926e-02,-3.939537789813910701e-02,8.939886596558238585e-02,2.671026897516896592e-01,1.441232025225288316e-01,-2.801439226526741266e-01,4.905426573888280878e-02,-1.011965195900004777e-01,8.177075278247809831e-02,-6.564033090913087842e-02,7.784880992282657008e-02,6.701957478426381898e-02,-4.610703355075709831e-02,-4.107877096098681846e-02
-1.022366640144169170e-01,6.087779604618973744e-02,-6.982580494900654522e-02,-7.876270261110854265e-02,7.702129742990742982e-03,-1.193195371242935787e-01,-7.728096017778637861e-02,-2.510618610564197342e-02,-7.514946230753588585e-02,1.434105314225646854e-01,1.068950313253664852e-01,1.180746947504674599e-01,6.175982863037693393e-02,-4.000027110158079630e-02,-2.324032073475146634e-02,-4.542293063514390994e-02,-5.529249053895987642e-02,-2.807849826171719340e-02,9.147234729287880006e-02,-7.066927395847856508e-02,1.538909115692447815e-01,7.111136164453508990e-02,1.786239354267254442e-01,-1.224175175838905921e-01,-1.903545147261448967e-01,2.983138320259878795e-01,1.937663995977385589e-01,4.340434753264230811e-02,1.154662184386618662e-01,1.152457227409462437e-01,-9.189493204448652419e-03,-1.171521853838716418e-02,-2.257336397150861221e-02,4.040523157841734159e-02,1.684074351859249918e-01,1.629203140854309506e-01,1.319652606467472955e-01,-1.008373163160672520e-01,1.757177058087180943e-01,1.988170593084755411e-01,-8.470521206849142282e-02,1.055449715674449673e-01,7.997048468604826474e-03,1.756681710261598639e-01,2.579952935620604126e-01,1.539188783851850872e-01,1.220572880943322919e-01,-9.654025526094460463e-02,-1.598127082086807926e-01,3.001682949762955049e-02,7.320278698312389365e-02,2.465806587509122294e-01,2.031083963225878419e-02,2.701280145135212529e-02,4.651714369518151343e-02,-1.086035772719026321e-01,-2.178593175325773540e-02,1.852113213742425657e-01,-6.225577706561688518e-02,7.300300625883153482e-02,5.578771489308421289e-02,-1.050456054544831319e-01,1.583117260866146736e-01,-1.625258728246411766e-01,1.899688245069628134e-01,1.373116407306156084e-01,2.455191624823430813e-02,-1.333712471814485212e-01,-5.940867847008213937e-02,-1.473203880747777500e-02
-5.040201709481357401e-02,2.851123345278066667e-03,7.937351892491120720e-02,1.296539902235520347e-01,-3.348428013849630291e-02,2.077890213161249500e-01,-1.367401044591818882e-01,2.048754785784644983e-01,2.632749447755494132e-01,-1.031753357611213118e-01,1.481955794568033669e-01,1.734473511281695024e-01,1.862462716914747851e-01,-3.361867035852845326e-02,1.271316802848706518e-01,-2.652596222773268269e-03,1.602497682257255085e-01,-1.092319906008172303e-01,-1.917015206663175708e-01,-2.039273014779712234e-01,2.483437312340199335e-02,2.106990019159146188e-01,5.750160863103321446e-02,8.222115809206753667e-02,7.263369184167764447e-02,-3.956524168240423134e-02,9.256886933024560671e-02,-9.340722990306339624e-02,4.945526080306860556e-02,-9.471878329169746563e-03,8.040942527366004566e-02,-1.540014047466611580e-01,9.590605740158139603e-02,7.494487517562403722e-03,-4.999710267932011565e-02,-7.023364400456751089e-02,2.349910642255169033e-02,-3.486563809612023938e-03,-1.275533142856574986e-01,1.866776551050930988e-01,1.746162844653671997e-01,-1.587071754953459646e-01,-7.915087319171147662e-02,-2.029023512399036333e-01,-4.674979215295692325e-02,2.890579375053128341e-01,1.038236732208352581e-01,-1.679963579278539731e-01,-8.504185348414648737e-02,-9.732747266144246845e-02,-1.429963765244039731e-01,1.470523093932099845e-01,-6.000431940838290429e-02,1.147295301120866418e-01,1.726587509797612441e-01,-2.286041351016897538e-01,3.733314762562632561e-02,-2.250935203563003695e-01,1.942042425681038409e-01,1.019525467457781664e-01,9.362098544964371494e-02,-9.611707571940535100e-02,9.141668927241658471e-02,1.935815749955237808e-01,4.928566546738433890e-02,1.959877307501660948e-01,8.701556650904117979e-03,-4.549811261982921601e-02,-2.834373848341014135e-01,-1.855598070049179760e-01
1.525201216241068858e-01,-3.906065402197728825e-02,-9.995020833937991178e-02,5.998734457735693804e-02,1.634655601027709404e-01,9.791200793616264275e-02,-4.574400068343134618e-02,-1.017423434002327071e-01,1.146157263610740606e-01,-6.656161771801606675e-02,-4.952944751556099395e-02,-2.549635301808779453e-02,1.591368049588763045e-01,-1.152066555881978704e-01,2.268898694417439132e-01,1.650162824400076278e-01,7.512739684104075000e-02,2.742572530565641140e-02,-1.081252658772646064e-01,-4.792545904748786445e-02,-3.913439922307177660e-02,1.694933463216421188e-01,-1.763930351497408275e-02,5.043564386960200374e-02,-7.570135681870167332e-02,1.936897375493600304e-01,-5.469264151358924249e-03,1.684721469512787118e-01,-7.770395053811631186e-04,-3.584488421554798271e-02,7.954300681968014264e-02,7.290336106565813157e-02,1.241325492678971298e-01,1.572822161578834310e-01,-2.786520668560238390e-02,-8.674139661506501120e-02,5.070369084767091528e-02,-1.193012811300997872e-01,-5.162785704293906819e-02,-5.299018241815566660e-02,2.180819009161269750e-01,-4.005081069094001966e-02,-1.558918291855886928e-01,-1.295330445585725909e-01,-4.574184927779370580e-02,1.129873629355158532e-01,2.053368210640590386e-01,1.246954569016826969e-01,7.187929823360023063e-02,1.283518956281655687e-01,1.065727436241470649e-01,1.633197448982062067e-02,1.189769992186621439e-01,-1.396946611250927117e-01,1.577226579512331639e-01,-1.636049204828005921e-01,-6.172413369807103894e-02,1.243376042389583158e-01,-1.097523034759221444e-01,2.373015228476073324e-01,1.875833030579214245e-01,-1.170777071097709593e-01,-1.412005756529183254e-01,-1.467323239348794772e-01,-5.970448736772109716e-02,2.518952691301683602e-02,-1.267456317176652702e-03,1.177890624874663172e-01,-1.068376901399654549e-01,-2.154841448573611429e-01
-1.581005031367090641e-01,1.186152009842155949e-02,-1.899453405686734597e-01,-1.823094635765612204e-01,2.617918631743608102e-02,1.569216173294844807e-01,-1.791184600424396492e-02,6.827154163826661126e-02,-1.033854871908307382e-01,-1.990881799360945115e-01,1.234728348303661821e-01,1.755428541780244822e-01,-2.125315345423394175e-01,-1.105517710292474864e-01,-2.863684727127149832e-02,2.481284325346420905e-01,4.621097389427825108e-02,1.031181477047519168e-01,4.473054856205076202e-02,-9.979576659763063351e-02,1.788129028003546950e-01,1.411246330693659290e-01,-1.483903366703354931e-01,4.615445994589280343e-02,5.044966007188832202e-02,1.474071490254196259e-01,6.050899731342250509e-02,8.149463263764819554e-02,6.855485665410183949e-02,-1.481604036523687662e-01,2.193111239682241365e-01,4.313780883612348960e-02,-1.263223039888106414e-01,1.872488438245106801e-02,6.158934747328605186e-02,9.519147910094104270e-02,6.189118525870181825e-02,7.176656300910999597e-02,5.209493058307451685e-02,-2.879850962068473963e-02,-5.305712530077541511e-03,-7.462094508567629347e-02,-1.050572600846460813e-01,1.329779228849778949e-01,-1.790583686370357808e-01,2.332452890131952727e-01,1.831063447968658484e-02,-5.571219060079657392e-02,-3.415299682180689828e-02,2.005290303856997747e-02,-3.039009295525694002e-02,-1.110055371292351665e-03,-6.051589278100861363e-03,7.253996784620925231e-02,-1.297462008133871414e-01,-1.672944221326526926e-01,1.996995027593816228e-03,1.725372218444363726e-01,-1.347005402917623440e-01,1.294922560384636767e-01,-1.708863015815103858e-01,-6.596994600216515847e-02,8.599926555467778122e-02,2.768056883476842714e-02,-2.871382919379308202e-02,-4.669185892244341607e-02,-1.054957324078661073e-03,-4.782164568974017760e-02,-8.286016512234679887e-02,5.618038390376247498e-02
4.027243266134603039e-02,1.987144012189969999e-01,1.462999998389235279e-01,-2.460524697999554380e-02,-1.372110621435547184e-01,2.577371749139084969e-02,8.088712429661311376e-03,1.100492534577512116e-01,2.494103866547547899e-01,-1.431499669485458426e-01,-1.662377064508707425e-01,2.650038692189112810e-01,1.338449361820814032e-01,6.804727155826305329e-02,5.854709497587325118e-02,1.550569230644956165e-01,7.797576082756461913e-02,-1.912399708841513724e-01,-1.654560765833146957e-02,8.896207646574375363e-03,1.763400780974448689e-01,2.677774344842545617e-01,1.882434256221549862e-01,-7.189476000605596329e-02,-4.882025464100832324e-03,1.015879951561951405e-01,-7.940906644095710454e-02,1.269742370939758169e-01,7.329465755300665353e-02,1.040024626858174067e-01,1.827344446820273680e-02,7.287875196148224655e-02,3.418908512599547894e-02,1.545800172499401381e-01,-1.635182621132543965e-02,-2.294342202819714127e-01,1.019590724787711178e-01,-1.863592592786857682e-01,1.762109296463698072e-01,1.854470105589723361e-01,1.027385711842657562e-01,-1.549388002080565319e-01,-1.351931389537884276e-01,-1.306417354773208583e-01,-2.754720245577816848e-02,1.838737125554802121e-01,-1.384922665978276408e-02,4.702360973330435567e-02,1.236359622139878572e-01,1.866997341198845251e-01,8.431675123221112067e-02,7.843786481010801837e-02,2.196778946690105538e-01,1.292927323836275955e-01,1.070560077492397830e-02,-2.296711539636612023e-02,-9.292634104836229592e-02,-9.756844849605046666e-03,4.690119578617756024e-02,8.466709706698190285e-02,4.549342116549368042e-02,-4.978522565965221025e-02,7.922295696682309096e-02,1.069898557721470252e-02,-5.427949365070183080e-02,9.289747326367163438e-02,9.036228427322177958e-02,2.654883337219118844e-01,-9.382688779077461017e-02,-7.723363352368292634e-02
-2.192624607272157869e-02,1.467365623260011021e-01,2.263742962785338098e-02,-1.728607282008240431e-01,-1.846593917670752705e-01,1.281123513017315141e-01,1.064609040008554636e-01,1.147638344886971751e-01,5.017526838624122160e-02,-1.089721303856317214e-01,-1.672694326981326307e-01,1.820297763758957355e-01,-8.621470291984811851e-02,8.472170202756286461e-02,8.644980612233423012e-02,4.499140574176758306e-02,5.000789354112689794e-02,-1.980156268241158590e-01,2.031774815666223810e-01,-7.801393988057847562e-02,-1.569416088593701408e-01,8.728622834178405288e-03,1.578723388798900784e-01,-1.557742976967348425e-01,-4.058437530490420497e-03,1.840096733175766164e-01,-7.626730882429211267e-02,1.441033042102786710e-01,-1.721634099352866154e-01,1.344770020992105686e-01,9.221089896846210165e-02,-1.485130950381955139e-01,-1.397985269348403503e-01,1.212305163570519262e-02,-1.383912166349396677e-01,1.312299601750703260e-01,4.404637824663771434e-02,-2.452963218957214531e-02,3.955034052764305752e-02,-2.499914135878335275e-02,1.203579163434670557e-01,-1.388548829802248863e-01,-1.157454376979498156e-01,-1.721488066588503507e-01,7.234965745933326364e-02,1.185572478613389075e-01,-1.078263368531845734e-01,1.693433348636357028e-01,7.925354119878795511e-02,-2.099692064471075231e-02,5.633031359497816387e-02,-1.433933866511079291e-01,-9.060218029762451275e-03,4.323915332351805502e-02,1.563463693524731191e-01,2.803670704140267655e-03,6.849076287217228942e-02,-1.706738979916046506e-01,2.017296928851063098e-02,-1.125033922619568388e-01,-8.944483083409222879e-02,-1.124695782252244092e-01,-9.876061931288229734e-02,1.073727663871319911e-02,9.560838056220034853e-02,-8.708267046376207132e-02,1.454522788371586939e-01,1.309748327979865234e-01,-9.087435655787279298e-02,-4.040783928558350224e-02
-6.926109687930759318e-02,7.224048207639643948e-02,-1.878512466590022412e-01,8.374662757741467567e-02,-1.009798805688790768e-01,4.442141451700253041e-02,1.976226275520499842e-01,1.128768668870702707e-01,-7.307536239349021398e-03,1.615097043964128232e-01,-1.543779532080219730e-01,1.315581185617079318e-01,-1.122919924244642625e-02,8.741836712698430878e-02,1.099165464495307498e-01,6.769088730619222949e-02,1.033488356860544355e-01,8.307474143401437014e-03,-3.818171395081669528e-02,-5.768522156800118782e-03,1.977294312072075677e-01,3.167213953433562490e-01,7.329057340190980874e-02,1.394913849406652084e-01,-3.392228215384473361e-02,1.017382503488829248e-01,1.638201646308719006e-01,-6.698751998544615061e-02,-9.013068275520201567e-02,1.940598564177802854e-01,1.930587540516159190e-02,2.098810795683030972e-01,7.419676841074859808e-02,-6.540423396746256057e-02,5.087546622600057356e-02,1.623092327968299053e-01,1.545260472353653450e-02,1.173206890576844116e-02,9.360268098685743665e-02,-8.178871829007576533e-02,1.818659413194308183e-01,-8.540775048247470358e-02,1.572304826257453214e-01,8.844844032642441845e-02,-2.313364856240729406e-01,1.439127632934373013e-01,-4.372033816548312468e-02,-2.439420320295917211e-01,4.293204548321711417e-02,2.817434690948999454e-01,4.911405634787346236e-02,-9.928830938214543156e-02,9.050865987955725167e-02,-4.537411483052371935e-02,5.414861088216596507e-02,-1.031879850035636037e-01,-1.090858134775491706e-01,1.361638931731263269e-01,2.182725410279570399e-01,-2.127439944124798546e-02,-6.673220414484828944e-02,-9.344651965126683779e-02,5.321463574256758006e-02,-1.928994837566660181e-01,1.765972003623915154e-01,6.688138552924284552e-02,-6.144830411023802924e-02,2.019617594755390155e-01,1.021600557814057210e-02,-1.187542973713123784e-01
9.838005304338474921e-02,2.175362514698796768e-01,-2.406825907887245874e-01,-1.044986749474502430e-02,5.217295485612429701e-02,2.235056649021306685e-01,-6.866539039152644297e-02,9.278042060556596082e-02,1.462879226446316683e-01,2.116032481895690348e-02,6.763758538763586618e-03,-4.795785457094653426e-02,-5.010313322770989369e-02,1.126645467807833312e-01,9.797032939805373764e-02,1.035495171557232474e-01,-8.641464642463576873e-03,-2.283121186342000064e-01,5.320278591844168625e-02,-1.190475545236680671e-01,2.650257720247022331e-01,2.903609118814086051e-02,-1.049658561097638054e-01,-1.136123015898472810e-01,2.569113080858186765e-02,2.447172057306354898e-01,2.102683322240818664e-01,-2.016831493972215117e-01,1.154852473623048797e-01,6.198883987377599297e-02,4.610788844950825666e-02,-1.534630583468324649e-01,-1.557269364364211595e-01,-1.711741251449203430e-02,-1.047186859417903182e-01,9.859495613825541849e-02,4.031369362594681982e-02,5.037238458474431468e-02,1.156995711013698164e-01,1.042985810867914781e-01,-7.968307329767496117e-02,-8.348777939815571481e-02,4.874814542014310054e-02,-2.066512583537997716e-01,-7.219833245020144952e-02,1.147539860352581043e-01,-5.663597706923156200e-02,-2.837297584075352819e-01,1.424245256749859245e-01,8.864885026720183137e-02,1.667319347835762022e-01,1.205525313028870116e-01,4.712053992209142006e-02,-6.404599727661879072e-03,2.273413523445149964e-01,-1.252701215449988914e-01,-5.002309057629165945e-02,-1.444427569846770676e-01,2.347932517354674453e-01,9.143695441398928814e-02,1.490221571988474825e-01,-1.088441341359324376e-02,2.968882813059570483e-02,1.137248280152958063e-01,1.150738957003788060e-01,2.046235725208511158e-01,-1.170135090218445001e-01,-2.117499463470621721e-02,-8.108468643304340973e-02,-1.856510818198373047e-01
-3.557153010733896115e-02,-1.103953137950049700e-02,-1.050726603134141124e-01,-1.644814188286901624e-01,-1.456460811775420472e-01,9.600730756675385225e-02,-8.356025151704953025e-02,1.839605145009007570e-01,2.035761024506934636e-01,4.322351649140554475e-02,4.214183093243201866e-02,-3.159224161346128879e-02,2.816876123953342831e-02,-5.079951561520959502e-02,-4.891562561706988554e-02,9.600320013479489434e-02,1.549838503526392020e-01,-2.258683978426340999e-01,-8.111180702677979470e-02,-1.236853776752785405e-01,-8.811372814030009326e-02,2.344315718139841354e-01,7.051814689574430195e-02,-1.371069753024587168e-01,2.296587256710223499e-02,-1.423376877742648337e-02,4.987288182032161010e-02,8.718162793921190035e-02,-4.758321001880963519e-02,1.043833123915190314e-01,1.187710776933620926e-01,-1.636261918174641283e-01,-1.731867818336763620e-01,5.817739777854975813e-02,-7.547018764359025855e-02,2.117176599341642207e-01,2.221300233941467250e-02,4.108990989356964274e-02,-8.918033324372527659e-02,1.148091235015832488e-03,1.293524357220250109e-01,6.081723688957733909e-02,-4.057624643115205487e-02,-6.932001783982504051e-02,-3.571673983991886098e-02,8.455042767221557232e-02,-5.203167215397165243e-03,-1.107429092555222566e-01,1.179884158127808280e-01,1.583772229613802651e-01,-4.133159900312614356e-03,7.709169420907222015e-02,-6.816064593465474830e-02,6.347140234205976561e-02,2.229426381966436999e-01,-7.649416255311332347e-02,1.151674783122725865e-01,1.064284117077818059e-01,1.337008739265261870e-01,-4.477682970203099300e-02,-3.312751836836792850e-04,-1.311745527804771549e-01,-8.211508368442602124e-02,8.967770591128708391e-02,-4.349332379108480744e-03,1.514254097982964953e-01,9.504664679235891311e-02,1.323910155845597035e-03,1.505019017178967355e-01,-7.116332988289672534e-02
-8.191804170533854845e-02,4.487935911841670761e-02,1.655352623045007118e-02,3.987200843471640915e-02,-1.596412883144268102e-01,1.765311104812258003e-01,1.750489839329911756e-01,7.794457716074869313e-02,-6.309488303080648675e-02,-8.036043565872531824e-02,-4.956253477614164932e-02,3.418560117654644449e-03,1.386803340800485118e-01,-2.480191445915412574e-01,2.040444103623122729e-01,1.992852812078094171e-01,-4.157032994381873459e-02,-1.978727764764627584e-01,1.931302507514772726e-01,-1.084499349131160528e-01,2.175212665185240202e-01,-8.679097975124777653e-02,2.157021799710270860e-01,-2.453857430591891431e-01,6.022125816157082590e-02,2.358388633589634242e-01,2.008122999553143828e-01,-1.265027932621617113e-01,1.203096745809748708e-01,-3.262335669647872805e-02,1.020713873811456840e-01,-4.155198374787658078e-02,-1.077656194497318559e-01,9.466868479765869204e-02,-3.515177713102848184e-02,4.470301279612949423e-03,2.433640325771377066e-01,-2.663505004361407802e-01,8.853150000702529610e-02,-2.082107745878879201e-03,-4.856344484631815173e-02,7.548468746452041689e-02,-7.981521348735874655e-02,-2.289965732450560398e-01,-1.177451175191004534e-01,1.510272697292690258e-01,3.047762940714355065e-02,-6.060638508177843692e-02,4.856325641741888327e-02,2.600952255713480654e-01,1.769117097463726307e-01,1.600970138717215940e-01,-7.271405972885248981e-02,1.656934899135738271e-01,-6.454222738317279273e-02,-2.755092798990240247e-02,1.857444212874760636e-01,4.998835067735479636e-03,1.766587893844158430e-02,5.359327416821251661e-02,2.070453123670579765e-01,2.690088235611313300e-02,3.802961370364190546e-02,7.860305367820441536e-02,4.232204024405002152e-02,-1.158294488881404793e-01,2.434756611331611309e-01,1.290403472732186974e-01,-1.818156391006513495e-01,1.053081554698100802e-01
3.090748582053542276e-02,-5.606167118611134204e-02,1.016731384937235305e-01,-1.406286266592019218e-01,4.016205668213585628e-02,-1.418321164305082760e-01,-1.039745082773901041e-01,-1.150725718980596113e-01,1.261900297131171300e-01,5.396010760233970610e-02,-2.800549979035620723e-02,-1.363702523254227972e-01,2.189303015977370204e-01,1.287933224432322166e-01,1.629006237967844106e-01,2.116600503849508652e-01,1.312540801395019885e-01,-2.269012359983980653e-01,9.774387459280875490e-02,7.774586703936500753e-02,1.801381455999369885e-01,7.242628358116612319e-02,1.261620750053566720e-01,-2.312632259700142801e-01,3.259639464643779294e-02,-3.627149305378848942e-02,1.623648380036992189e-01,1.899047425431765052e-02,2.705448761912402494e-02,-4.248376688301765298e-03,-7.902854787373433942e-02,-1.743856334772555250e-01,-2.772581480290752798e-01,1.092812284953792040e-01,-1.727165000122441174e-01,-1.140783543783180226e-01,6.029462369252699266e-02,2.018670708661512159e-01,1.741045223593976066e-01,-3.559652715809875217e-02,1.343065440150267575e-01,-2.103821898440425553e-01,-3.314974915785866023e-03,-1.816242593151548221e-02,1.996138622286756370e-01,-7.604032144361987100e-02,3.130765907430461958e-02,1.364968230945571848e-01,-1.431659383313116651e-01,1.107260072239783510e-01,-5.523985650688260918e-02,5.876970095187697418e-02,1.167860392588292856e-01,-6.331305453013219564e-02,1.260553349536751855e-01,9.792554589994770242e-02,1.281395866540820383e-01,-2.341066840992333808e-01,1.516553512884459554e-01,2.228386771826411650e-01,-1.249764158034269990e-01,9.329944239409874995e-02,-1.906108502138652572e-01,-5.939376251334910206e-02,1.392178128702483419e-01,1.628906676765699557e-01,5.595951548380569129e-02,5.002813872825054471e-03,-1.110045137515691394e-01,-1.080077850562491254e-01
-1.532692926203443606e-01,1.104491203829410101e-01,-1.299927512844707145e-01,9.867504399797413783e-02,-1.380491631748112791e-01,-1.245002110794286437e-01,-6.912069716436426703e-02,1.185721236137079471e-01,1.526897755165628756e-01,2.179365179288330831e-02,1.422976187691592231e-01,-6.602780610829633856e-02,-1.239117108388450017e-01,5.158354903067222802e-02,-2.204681508715628999e-02,-9.882255944914593304e-02,1.599626684270551713e-01,-2.600143864633183144e-01,-1.618537793245943338e-02,-1.169099931574159174e-01,1.750785166769483828e-02,8.917481292454799979e-02,-3.890099732707311825e-02,-9.190881526295591186e-02,-5.988036286527757129e-02,-3.022741113646564698e-02,-3.823795531332047082e-02,3.567588227890853420e-02,-2.382046803070406865e-02,-1.528713675215319923e-01,-8.272198905872985009e-02,7.159208249705511715e-03,9.571897885651589610e-02,-3.894634386474515875e-02,-1.085341332065155873e-01,-1.792190689137618809e-01,-8.085895280651608785e-02,-1.168246132615922833e-01,8.229250849009722354e-03,1.404269582935766814e-01,3.007042942251746467e-02,5.501061487855826715e-02,-4.727984134975866948e-02,-3.345948996774941731e-02,5.848189008462562760e-02,-2.972402246789558264e-03,9.441652846901950336e-02,4.559321129968529895e-02,1.492139233970730117e-01,3.991078512048957389e-02,-1.917053626492372896e-03,6.006594032970292985e-02,-1.048918439600426827e-01,-1.157051228678555171e-01,1.911255517618139221e-01,-5.179826650799453092e-02,5.047972178799821352e-02,-1.329782356264636034e-01,-1.416516087195195395e-01,-1.184360355242060070e-01,-2.789315876046458142e-03,3.444609540600068742e-02,3.061409634324095339e-02,-3.091572676697947573e-03,-7.595490610789112917e-02,-1.511273744910582861e-01,1.061158906646151798e-02,1.254003241654788048e-01,-1.363191986718650384e-01,-9.648831231614771187e-02
-4.117894888257861430e-02,1.578459994310139891e-01,1.020579721614526536e-01,-9.015511204250849231e-02,2.175536224249368170e-02,-2.497635140124161018e-02,1.295808299682060238e-01,6.357715920371395657e-02,2.582606565411961208e-01,7.334496500278868403e-02,1.658457245455250140e-01,1.572121099890976259e-01,-4.883642349970981900e-02,-1.246753223229124796e-01,1.758467365549036820e-01,1.792776608289195772e-01,2.462848265271825321e-01,-2.610986684245798495e-01,-1.185528982108506463e-01,-2.029078197525560900e-01,2.554249789002390192e-01,8.966223153786982702e-02,2.573205154006200090e-01,2.944091509357379260e-02,7.416686157412478997e-02,1.837202244069345292e-01,2.662658382586501338e-01,-2.309121361393403071e-01,3.743249415349347159e-02,4.676508289297719168e-02,2.907349788715413164e-01,5.922729971831217077e-02,2.278203552616037911e-03,5.823226326197868119e-02,5.914708654670906146e-02,1.177770053211344044e-03,8.483522749205907321e-02,-1.384238949492598847e-01,-5.754581788475855719e-02,2.155217758151715401e-01,1.196401027126551275e-01,1.014753727036678543e-01,1.521732181862891498e-01,6.227619440211011603e-02,-7.125571183643368556e-02,9.053166179653215906e-02,1.164265363353950283e-01,-1.053658909645682623e-01,-3.311654440739635052e-02,2.216085289401222569e-01,7.589145289973565911e-02,1.231993161872361603e-01,1.404761022757871902e-01,-1.891753795350470113e-01,2.025670461405385259e-01,-3.748319791447032173e-02,-2.080077686879344342e-02,-1.063646520939638546e-01,-1.657477982651353382e-03,1.767600632554219564e-01,-1.424569750185160077e-01,-1.706204850302882325e-01,-1.371310989721253037e-01,1.649810869174619249e-02,1.984016793543411789e-02,-2.415815818295602262e-03,1.020124688230504284e-01,1.460370575501833690e-01,-1.546230174877302188e-01,1.832701241962106375e-02
-2.866570358245751782e-03,-1.134353193104567226e-01,1.816679438165941934e-02,-9.839678033894963538e-02,-3.026958902774741153e-02,7.475714056083893055e-02,5.686077853794679893e-02,-4.811770442169187312e-02,2.259516970524329260e-01,1.351393934688788490e-01,1.682922779754431053e-01,-7.561791419403738300e-03,2.054318327859288029e-01,-1.581166199087649105e-01,-4.889400789394478947e-02,3.301564805269711633e-01,1.811413265781003368e-01,-3.906558457660422312e-02,-1.704183595880680302e-02,-2.131510264349248396e-01,2.736529288389552006e-01,2.715792220248799960e-01,1.452421945302349859e-01,-2.203860217105396702e-01,3.739158162349132640e-03,2.544936005225220121e-01,2.272706698960431371e-01,3.278539264655509072e-02,-7.137681299050581407e-02,2.310584575084624614e-01,2.407249866949103534e-01,8.968273771684227846e-02,-1.717239968160894914e-01,7.552371867460296040e-02,-2.319352462214575514e-02,-1.031226968668438881e-01,1.793243268167310778e-01,-2.392987846027158361e-01,2.050203974600523782e-01,1.365157618137721740e-01,1.457344023522981757e-01,-2.744062298178416848e-01,7.480498191859862034e-02,-4.601487338837586399e-02,-1.335145401088667638e-01,3.028770617167083623e-01,2.428246595220282800e-01,1.370890995327664896e-01,5.749296100928259767e-03,2.373119768854638212e-01,-2.654754780206670939e-02,-8.031827331102948941e-03,1.923866702453191357e-01,-3.754074676299837265e-02,-2.754358790363116427e-02,-2.565129692620514712e-01,-1.225857123141399080e-01,-4.468729091651933716e-02,-4.799519725471813880e-02,1.982837109926368080e-01,-1.438753468221134341e-02,-3.363510559412413725e-01,1.415038865995122963e-01,1.200004466706056372e-01,1.860060353282431966e-01,-7.035139846676902176e-02,2.034953443356848635e-01,-1.138555904041465838e-01,-4.195590782546305963e-02,-1.124869261208551741e-01
-6.924124868954220635e-02,1.294575955932081301e-01,-1.445943743211583199e-01,1.381117714216741343e-01,-3.460144719200132241e-03,2.521115938961787095e-01,1.283042753132812852e-01,1.226242115896222645e-01,1.169875027676920837e-01,-1.153870409231206179e-01,-1.080740005777113127e-01,1.567977341034803088e-02,4.362771862873360967e-02,-2.626894332617077388e-01,4.019936899658914202e-03,1.640111351537440476e-01,-9.355642023263172069e-02,-1.821641878313162155e-01,-1.122472136384437824e-01,-1.912191621132555697e-01,5.829235415597232295e-03,2.512010287475126002e-01,-7.168819748519530966e-02,-5.701686229924471383e-02,5.404500378523184601e-02,1.819089601906932752e-01,9.122633955606297002e-03,-3.482210297967542473e-02,-9.644145456377768710e-02,-4.908951232170000178e-02,2.805102143507767209e-01,-8.875001590511107097e-02,-2.820896333079121396e-02,-1.342135302014234033e-01,-7.790023178677640825e-02,1.641486346863274548e-01,2.767447433264741408e-01,-2.180020852825989008e-01,9.695553815261051533e-02,1.486312164784758805e-01,2.407171031875958989e-01,-5.240997866009464157e-02,7.127427520265064431e-02,2.629634025005998105e-02,1.871263950354605174e-02,2.191088849054615983e-01,-3.883176286296240870e-02,-2.225453460745378531e-01,7.057974915111667712e-03,3.229535553923326436e-03,-5.537190412724477852e-03,-1.325546067424489272e-02,2.440529005580966970e-01,9.223616380062082953e-02,-3.099357226745139485e-02,-2.104001200004960437e-01,2.881493824349105198e-02,-1.032013429986696484e-01,-8.624503235529325240e-02,-9.850757496613124498e-02,7.806098929857524515e-02,-9.852852929707650587e-02,7.392689396196526139e-03,5.629565949336087609e-04,1.994824756093705603e-02,-6.844513179152850180e-02,-1.376017032708178878e-01,1.131598964285984443e-01,-1.574032778668640331e-01,-5.114528678459293737e-02
4.528491225051620855e-02,-6.524775439806841659e-02,-1.174129087338044580e-01,-4.001483553291979717e-02,5.529062338348964684e-02,5.270471689797127240e-02,5.082727985171146129e-02,6.084857474539256961e-02,2.249013771660080679e-02,-1.962859101767105291e-02,-4.215404276140887613e-02,2.428414828673585435e-01,-1.466881975115162384e-01,-1.735953353908585295e-01,-9.177546413992299090e-02,-2.939691881517440125e-02,5.180005468966408788e-02,-9.063683993993754129e-02,-8.016600784442393102e-02,1.192050326054239218e-01,-5.901250015395771015e-02,1.398665136515741259e-01,9.872527859174320963e-02,3.348450626370425703e-02,-8.418400555437284549e-02,-5.948232642764697542e-02,1.771382459059880898e-01,-8.031791072940622223e-02,-7.341749131391174521e-02,1.623716155414636209e-01,6.428156206949184326e-02,1.339518005700510682e-02,-1.097732554244215120e-01,-1.253989424841900902e-01,-9.934483337820200488e-02,-4.342551813611309625e-02,2.840058822092168464e-02,6.584077516063073510e-02,-3.056481783669709809e-02,-2.191288973869733123e-03,8.569236069018770774e-02,-3.122339092809053515e-02,3.845166490401558113e-02,5.762329674859068690e-02,-1.545346234382673489e-01,-1.252683083061963965e-01,-3.007641645676439879e-02,7.263019136046180990e-02,6.369515755427886117e-02,-5.131958198718023639e-02,-1.075564773680656033e-01,1.814979227876498957e-01,-5.630442160020302650e-02,-1.585437616127605143e-01,-4.950591388923938907e-02,3.829441612185689736e-02,6.849911893742431819e-03,9.857793118631334728e-02,-1.325259175577166715e-01,7.167612708552338618e-02,3.148113955558455839e-03,3.367699294019682599e-02,-1.161623952472777555e-01,1.284049802499860060e-01,-7.926875445608422277e-02,1.768165564566345771e-01,-1.337235105894736889e-02,-6.365928902444949189e-02,7.864916986423957368e-02,-7.119293294213785428e-02
-8.710320815318414733e-02,-1.178959812947707464e-01,-2.703993794755155111e-01,1.637411657011046406e-01,-1.573913953096886809e-01,3.066336250049265244e-01,1.586699885421219147e-01,-4.935401395703763183e-02,-3.163347010549055760e-01,-2.126535983514729958e-02,-1.125311146836292103e-01,-7.073448369825001414e-02,5.995353541830962252e-01,1.962060305955868819e-02,5.731887774337726671e-02,2.835252001948163070e-01,1.833911239674838531e-02,-4.138845287838673892e-01,-3.180302516334185259e-01,3.835285432937691336e-02,2.385644562150343873e-01,1.286854709307637956e-01,5.008969205289596216e-01,-1.283735276438410788e-01,-2.762771985243499540e-01,1.822541023544002256e-02,2.238722381259634076e-01,-1.287838148920439907e-01,3.600644181420264434e-01,1.154029697710482194e-01,3.293257617453305142e-01,2.136114586550225403e-01,-3.262377639672693341e-01,3.715324983236117928e-01,-6.344488344838970784e-02,2.383639090565797813e-01,-1.765625192581440905e-02,-1.607117898219752039e-01,1.416920184766765067e-01,8.691771021851822654e-02,4.961241789977184347e-01,-1.036169242620191278e-01,2.154578383721810486e-01,-3.965271870229665208e-01,-2.947797736600230589e-01,5.721528101154531587e-01,3.842101483936027906e-01,-4.299890108906146979e-01,6.570379463127752617e-02,9.790014475328335380e-03,2.484884756507951264e-01,2.848519605107844854e-01,1.819374534012157818e-01,-7.379891180327374962e-03,3.339820072169902843e-01,-2.008830499893101140e-01,1.178993813682515240e-01,-3.098728392626979300e-01,-3.578779009396978461e-01,4.690182923604305776e-01,1.980357281698688632e-01,-7.381150680665659047e-01,8.092427631109597869e-03,-2.382164819945341849e-01,-2.677857623411675214e-01,9.140711614097345172e-02,2.022517107581053020e-01,-1.567379671211678871e-01,5.402126832344939650e-02,-5.801244666352285417e-01
